ç¾¤é¦¬çœŒ,ã€ŒLIVE CAMERAã€è‰æ´¥æ¸©æ³‰ãƒ»æ¸©æ³‰é–€ - YouTube,https://www.youtube.com/watch?v=d6a0sL8lYGk,è¦³å…‰
ç¾¤é¦¬çœŒ,ã€ŒLIVECAMERA ã€è¥¿ã®æ²³åŸéœ²å¤©é¢¨å‘‚å…¥ã‚Šå£ - YouTube,https://www.youtube.com/watch?v=RJYYbPs8hjQ,è¦³å…‰
ç¾¤é¦¬çœŒ,ã€ŒLIVE CAMERAã€è‰æ´¥æ¸©æ³‰ã‚¹ã‚­ãƒ¼å ´ã€€å¤©ç‹—å±±å±±é ‚ã‚¨ãƒªã‚¢ - YouTube,https://www.youtube.com/watch?v=JDLSr4iqjIg,è¦³å…‰
äº¬éƒ½åºœ,ğŸ”´ã€ç”Ÿä¸­ç¶™ã€‘äº¬éƒ½ã‚¿ãƒ¯ãƒ¼ Kyoto Japan Live Camera ğŸŒ™äº¬éƒ½ãƒ©ã‚¤ãƒ–ã‚«ãƒ¡ãƒ© ğŸ¢ğŸ—¼ğŸ•¯ğŸ‘ã€€æ£®ä¿¡ä¸‰éƒå•†èˆ—ã‚ˆã‚Šç”Ÿä¸­ç¶™ ğŸŒ• å³æ™‚å½±åƒ LiveCamã€€å¤©æ°— äº¬éƒ½è¦³å…‰ å¤©ä½“ - YouTube,https://www.youtube.com/watch?v=IQKJPxjnjUw,è¦³å…‰
äº¬éƒ½åºœ,ğŸ”´ğŸ¥ã€LIVEã€‘äº¬éƒ½ãƒ©ã‚¤ãƒ–ã‚«ãƒ¡ãƒ© æ±æœ¬é¡˜å¯º (KYOTO JAPAN LIVE CAMERA) æ£®ä¿¡ä¸‰éƒå•†èˆ—ã‹ã‚‰ç”Ÿä¸­ç¶™ å³æ™‚å½±åƒ livecamã€€#nhkç´…ç™½æ­Œåˆæˆ¦ #Ado #è–åœ° - YouTube,https://www.youtube.com/watch?v=aT3saBHTTyE,è¦³å…‰
æ±äº¬éƒ½,æµ…è‰å¯ºã®å¢ƒå†…ï¼ˆæœ¬å ‚å´ï¼‰Precincts of Sensoji Temple (to Main Hall) - YouTube,https://www.youtube.com/watch?v=nOk4cd0kkp8,è¦³å…‰
æ±äº¬éƒ½,æµ…è‰å¯ºã®å¢ƒå†…ï¼ˆé›·é–€å´ï¼‰Precincts of Sensoji Temple (to Kaminarimon) - YouTube,https://www.youtube.com/watch?v=hBiBadOukZA,è¦³å…‰
ç¾¤é¦¬çœŒ,ã€LIVE CAMERAã€‘#å—ä¸¹ #ç´…è‘‰å³ å±•æœ›å° #ãƒ©ã‚¤ãƒ–ã‚«ãƒ¡ãƒ© #livecamera #nantan #momijitougetenboudai - YouTube,https://www.youtube.com/watch?v=Kdvg84_mL8Q,è¦³å…‰
ç¾¤é¦¬çœŒ,"ã€ãƒ©ã‚¤ãƒ–ã€‘ç¾¤é¦¬çœŒãƒ»é«˜å´å¸‚ é«˜å´é§…å‘¨è¾ºã‹ã‚‰24æ™‚é–“LIVEé…ä¿¡ä¸­ï¼ã€LIVE: Takasaki,Gunma Takasaki Stationã€‘ANN/ãƒ†ãƒ¬æœ - YouTube",https://www.youtube.com/watch?v=YZcRxaKmvU4,è¦³å…‰
ä¸‰é‡çœŒ,é³¥ç¾½æ°´æ—é¤¨ãƒ©ãƒƒã‚³æ°´æ§½ãƒ©ã‚¤ãƒ–ã‚«ãƒ¡ãƒ© TOBA AQUARIUM SEA OTTER LIVE CAMERA,https://www.youtube.com/watch?v=X6C2hpunZ8c,å‹•ç‰©
åŸ¼ç‰çœŒ,å¤§äººçŒ«ã®éƒ¨å±‹3éšLive@ç¬‘ã«ã‚ƒã‚“ã“ç‹å›½(ç§©çˆ¶) [Cat live,https://www.youtube.com/watch?v=t2lUdipZvAs,å‹•ç‰©
åŸ¼ç‰çœŒ,å¤§äººçŒ«ã®éƒ¨å±‹2éšã‚«ãƒ¼ãƒªãƒ³ã‚°Live@ç¬‘ã«ã‚ƒã‚“ã“ç‹å›½(ç§©çˆ¶) [Cat live],https://www.youtube.com/watch?v=zxej04WQ9lI,å‹•ç‰©
é™å²¡çœŒ,LIVEã€‘ä½“æ„Ÿå‹å‹•ç‰©åœ’ï½‰ï¼ºï½ï½ã‚¾ã‚¦ã‚¬ãƒ¡ç‰§å ´ã€å®¤å†…ã€‘,https://www.youtube.com/watch?v=xbtcl8WuEZ4,å‹•ç‰©
åŒ—æµ·é“,"ç‰§è‰ãƒ­ãƒ¼ãƒ«ã‚’é£Ÿã¹ã‚‹æ§˜å­ã‚’ãƒ©ã‚¤ãƒ–ã§ï¼ˆNo.2ã‚«ãƒ¡ãƒ©ï¼‰Ishikari Sheep Farm (Hokkaido,Japan)",https://www.youtube.com/watch?v=UEAV38QBYjA,å‹•ç‰©
å¯Œå±±çœŒ,æµ·ç‹ä¸¸ãƒ©ã‚¤ãƒ–ã‚«ãƒ¡ãƒ© - YouTube,https://www.youtube.com/watch?v=-UsW0JsRZXM,æµ·å²¸
ç¥å¥ˆå·çœŒ,æ¨ªé ˆè³€å¸‚ç½å®³ç›£è¦–ã‚«ãƒ¡ãƒ©ã€€ã†ã¿ã‹ãœå…¬åœ’ - YouTube,https://www.youtube.com/watch?v=Yj4CHgedlVw,æµ·å²¸
æ„›åª›çœŒ,å…«å¹¡æµœæ¸¯ãƒ•ã‚§ãƒªãƒ¼ã‚¿ãƒ¼ãƒŸãƒŠãƒ« ãƒ©ã‚¤ãƒ–ã‚«ãƒ¡ãƒ© æµ· 4Kã€€Yawatahama Port Ferry Terminal Live camera Sea side - YouTube,https://www.youtube.com/watch?v=XJ-o3WNR6Fk,æµ·å²¸
åƒè‘‰çœŒ,éƒ¨åŸæµ·å²¸ãƒ©ã‚¤ãƒ–ã‚«ãƒ¡ãƒ©ï¼ˆåƒè‘‰çœŒå‹æµ¦å¸‚éƒ¨åŸï¼‰ - YouTube,https://www.youtube.com/watch?v=z3TH-h6UtsE,æµ·å²¸
æ²–ç¸„çœŒ,ğŸ”´ã€LIVEã€‘é‚£è¦‡ç©ºæ¸¯ãƒ»ç€¬é•·å³¶ãƒ»æ²–ç¸„ãƒ©ã‚¤ãƒ–ã‚«ãƒ¡ãƒ©ã€æµ·ã¨é£›è¡Œæ©Ÿã®è¦‹ãˆã‚‹ã‚¹ãƒ†ãƒ¼ã‚­å°‚é–€åº— ãƒ¨ãƒŠãƒ¼ã‚ºã‚¬ãƒ¼ãƒ‡ãƒ³ã€‘Okinawa Naha Airport Yonars Garden - YouTube,https://www.youtube.com/watch?v=-0wTh5KKSoE,æµ·å²¸
å…µåº«çœŒ,å°¼å´å¸‚ç«‹é­šã¤ã‚Šå…¬åœ’ - YouTube,https://www.youtube.com/watch?v=2dS0y7TZCPA,æµ·å²¸
æ–°æ½ŸçœŒ,æ–°æ½Ÿæ—¥å ±ãƒ¡ãƒ‡ã‚£ã‚¢ã‚·ãƒƒãƒ—ï¼’ï¼éšã®ãƒ©ã‚¤ãƒ–ã‚«ãƒ¡ãƒ©ã€åŒ—å´ã€‘ã€€Live Camera in Niigata - YouTube,https://www.youtube.com/watch?v=npUguwCxiwI,æµ·å²¸
æ±äº¬éƒ½,å…ƒç”ºæ¸¯ï¼ˆå¤§å³¶ï¼‰ - YouTube,https://www.youtube.com/watch?v=fVFhLgVTtQ0,æµ·å²¸
å…µåº«çœŒ,ã€LIVEã€‘æ˜çŸ³æµ·å³¡å¤§æ©‹ãƒ©ã‚¤ãƒ–ã‚«ãƒ¡ãƒ©ã€€ç€¬æˆ¸å†…æµ·ã‚„æ·¡è·¯å³¶ã®ç¾åœ¨ã®æ§˜å­ã€€Akashi kaikyo Bridge and Awaji island - YouTube,https://www.youtube.com/watch?v=TmoR3-XKgcI,æµ·å²¸